feature,removed,max_correlation
oldpeak,False,0.5738529435676675
slope,False,0.5738529435676675
age,False,0.3935043240487349
thalach,False,0.3935043240487349
cp,False,0.38405952636486906
exang,False,0.38405952636486906
sex,False,0.38058069036363307
thal,False,0.38058069036363307
ca,False,0.3653231969399121
trestbps,False,0.2920609304574961
chol,False,0.20089571415089377
fbs,False,0.1660618104178238
restecg,False,0.16246787807715293
