feature,mi_score,selected,rank
thal,0.1482026828447205,True,1
ca,0.13406285575776256,True,2
cp,0.13304693859582395,True,3
oldpeak,0.12533388197989903,True,4
exang,0.09638559448441897,True,5
slope,0.08730634211377586,True,6
chol,0.07892220167561326,True,7
thalach,0.05690425401846744,True,8
fbs,0.03817816390187234,False,9
sex,0.023505485489654587,False,10
age,0.008014904901979536,False,11
restecg,0.00020491536130951005,False,12
trestbps,0.0,False,13
