,n_features,cv_mean,cv_std,train_accuracy,feature_ratio
rfe,9.0,0.8381967213114756,0.042589450194608115,0.8514851485148515,0.6923076923076923
chi_square,8.0,0.8381420765027322,0.02913014247328015,0.8481848184818482,0.6153846153846154
univariate,8.0,0.8381420765027322,0.02913014247328015,0.8481848184818482,0.6153846153846154
mutual_information,8.0,0.8347540983606556,0.047351358524442624,0.8448844884488449,0.6153846153846154
